{"labels": ["negative", "positive"], "acc": 0.7927272727272727, "avg_f1": 0.791963133640553, "avg_rec": 0.7921603893355904, "f1": [0.7793548387096776, 0.8045714285714285], "prec": [0.8228882833787466, 0.7685589519650655], "avg_prec": 0.795723617671906, "rec": [0.7401960784313726, 0.8441247002398081]}