{"acc": 0.730909090909091, "rec": [0.6568627450980392, 0.8033573141486811], "avg_f1": 0.7291225433936368, "labels": ["negative", "positive"], "avg_rec": 0.7301100296233601, "prec": [0.7657142857142857, 0.7052631578947368], "f1": [0.7071240105540898, 0.7511210762331839], "avg_prec": 0.7354887218045112}