{"avg_prec": 0.7935915467561037, "rec": [0.7156862745098039, 0.8585131894484412], "f1": [0.769433465085639, 0.8035914702581369], "avg_rec": 0.7870997319791226, "acc": 0.7878787878787878, "prec": [0.8319088319088319, 0.7552742616033755], "avg_f1": 0.786512467671888, "labels": ["negative", "positive"]}