{"avg_rec": 0.7777719001269573, "avg_prec": 0.7795828058260468, "prec": [0.7968337730870713, 0.7623318385650224], "rec": [0.7401960784313726, 0.815347721822542], "f1": [0.767471410419314, 0.7879490150637312], "acc": 0.7781818181818182, "avg_f1": 0.7777102127415225, "labels": ["negative", "positive"]}