{"avg_prec": 0.7540329697483144, "prec": [0.7568922305764411, 0.7511737089201878], "rec": [0.7401960784313726, 0.7673860911270983], "avg_rec": 0.7537910847792355, "acc": 0.7539393939393939, "f1": [0.748451053283767, 0.7591933570581257], "labels": ["negative", "positive"], "avg_f1": 0.7538222051709464}