{"acc": 0.6703030303030303, "avg_f1": 0.6701940035273368, "f1": [0.6641975308641975, 0.6761904761904762], "avg_prec": 0.6702745139550474, "labels": ["negative", "positive"], "avg_rec": 0.670184440682748, "prec": [0.6691542288557214, 0.6713947990543735], "rec": [0.6593137254901961, 0.6810551558752997]}