{"prec": [0.7811704834605598, 0.7662037037037037], "rec": [0.7524509803921569, 0.7937649880095923], "avg_rec": 0.7731079842008746, "f1": [0.766541822721598, 0.7797408716136631], "avg_prec": 0.7736870935821318, "acc": 0.7733333333333333, "labels": ["negative", "positive"], "avg_f1": 0.7731413471676305}