{"acc": 0.7272727272727273, "f1": [0.7380675203725262, 0.7155499367888749], "rec": [0.7769607843137255, 0.6786570743405276], "avg_prec": 0.7297834876744489, "labels": ["negative", "positive"], "avg_f1": 0.7268087285807006, "avg_rec": 0.7278089293271266, "prec": [0.7028824833702882, 0.7566844919786097]}