{"avg_f1": 0.7864027396937852, "avg_rec": 0.7863767809281986, "labels": ["negative", "positive"], "prec": [0.7989690721649485, 0.7757437070938215], "avg_prec": 0.7873563896293849, "rec": [0.7598039215686274, 0.8129496402877698], "f1": [0.7788944723618091, 0.7939110070257612], "acc": 0.7866666666666666}