{"avg_rec": 0.7424178304415292, "avg_f1": 0.7419653711331688, "prec": [0.7692307692307693, 0.7223427331887202], "rec": [0.6862745098039216, 0.7985611510791367], "acc": 0.743030303030303, "f1": [0.7253886010362693, 0.7585421412300685], "avg_prec": 0.7457867512097447, "labels": ["negative", "positive"]}