{"avg_rec": 0.7218489913951192, "labels": ["negative", "positive"], "avg_f1": 0.7214009216589862, "acc": 0.7224242424242424, "rec": [0.6691176470588235, 0.7745803357314148], "avg_prec": 0.7245546922408768, "prec": [0.7438692098092643, 0.7052401746724891], "f1": [0.7045161290322581, 0.7382857142857142]}