{"f1": [0.7850931677018634, 0.7952662721893492], "prec": [0.7959697732997482, 0.7850467289719626], "avg_prec": 0.7905082511358554, "acc": 0.7903030303030303, "avg_f1": 0.7901797199456063, "rec": [0.7745098039215687, 0.8057553956834532], "avg_rec": 0.7901325998025109, "labels": ["negative", "positive"]}