{"rec": [0.7598039215686274, 0.8321342925659473], "avg_f1": 0.7959532194047605, "acc": 0.7963636363636364, "labels": ["negative", "positive"], "prec": [0.8157894736842105, 0.7797752808988764], "avg_rec": 0.7959691070672874, "avg_prec": 0.7977823772915434, "f1": [0.7868020304568527, 0.8051044083526683]}