{"acc": 0.7393939393939394, "prec": [0.7532808398950132, 0.7274774774774775], "avg_prec": 0.7403791586862454, "avg_rec": 0.7390058541402172, "avg_f1": 0.7388967643071325, "f1": [0.7275031685678074, 0.7502903600464574], "labels": ["negative", "positive"], "rec": [0.7034313725490197, 0.7745803357314148]}