{"rec": [0.6470588235294118, 0.7721822541966427], "labels": ["negative", "positive"], "acc": 0.7103030303030303, "avg_rec": 0.7096205388630272, "avg_prec": 0.7131815845158822, "avg_f1": 0.7088640863714284, "prec": [0.7353760445682451, 0.6909871244635193], "f1": [0.6883963494132986, 0.7293318233295583]}