{"avg_rec": 0.7802228805191141, "avg_prec": 0.7818330141164787, "prec": [0.7979002624671916, 0.7657657657657657], "rec": [0.7450980392156863, 0.815347721822542], "f1": [0.770595690747782, 0.7897793263646922], "avg_f1": 0.7801875085562371, "acc": 0.7806060606060606, "labels": ["negative", "positive"]}