{"rec": [0.6813725490196079, 0.7553956834532374], "acc": 0.7187878787878788, "avg_prec": 0.7197220579538735, "avg_rec": 0.7183841162364226, "labels": ["negative", "positive"], "f1": [0.7055837563451777, 0.7308584686774942], "prec": [0.7315789473684211, 0.7078651685393258], "avg_f1": 0.7182211125113359}