{"labels": ["negative", "positive"], "avg_f1": 0.7730719388798263, "prec": [0.7840616966580977, 0.7637614678899083], "rec": [0.7475490196078431, 0.7985611510791367], "acc": 0.7733333333333333, "f1": [0.7653701380175658, 0.7807737397420867], "avg_prec": 0.773911582274003, "avg_rec": 0.7730550853434899}