{"acc": 0.7612121212121212, "prec": [0.7769028871391076, 0.7477477477477478], "labels": ["negative", "positive"], "avg_prec": 0.7623253174434277, "f1": [0.750316856780735, 0.7711962833914053], "rec": [0.7254901960784313, 0.7961630695443646], "avg_f1": 0.7607565700860701, "avg_rec": 0.760826632811398}