{"avg_rec": 0.6917936239243898, "f1": [0.6801007556675063, 0.7032710280373831], "avg_f1": 0.6916858918524447, "labels": ["negative", "positive"], "acc": 0.6921212121212121, "prec": [0.6994818652849741, 0.6856492027334852], "avg_prec": 0.6925655340092296, "rec": [0.6617647058823529, 0.7218225419664268]}