{"rec": [0.7132352941176471, 0.8081534772182254], "avg_f1": 0.7604674366883859, "acc": 0.7612121212121212, "labels": ["negative", "positive"], "avg_rec": 0.7606943856679362, "f1": [0.7471116816431324, 0.7738231917336396], "prec": [0.784366576819407, 0.7422907488986784], "avg_prec": 0.7633286628590428}