{"labels": ["negative", "positive"], "prec": [0.7196531791907514, 0.6680584551148225], "avg_rec": 0.6888401043870787, "f1": [0.6604774535809019, 0.7142857142857143], "rec": [0.6102941176470589, 0.7673860911270983], "avg_f1": 0.6873815839333082, "acc": 0.6896969696969697, "avg_prec": 0.693855817152787}