{"avg_f1": 0.6771879483500718, "acc": 0.68, "prec": [0.711764705882353, 0.6577319587628866], "avg_rec": 0.6790626322471435, "f1": [0.6470588235294118, 0.7073170731707317], "rec": [0.5931372549019608, 0.7649880095923262], "labels": ["negative", "positive"], "avg_prec": 0.6847483323226198}