{"avg_f1": 0.6530590563206332, "acc": 0.6545454545454545, "rec": [0.5955882352941176, 0.7122302158273381], "f1": [0.6303501945525292, 0.6757679180887373], "prec": [0.6694214876033058, 0.6428571428571429], "avg_prec": 0.6561393152302244, "labels": ["negative", "positive"], "avg_rec": 0.653909225560728}