{"avg_f1": 0.7634013727500151, "rec": [0.7401960784313726, 0.7865707434052758], "prec": [0.7723785166240409, 0.7557603686635944], "avg_rec": 0.7633834109183242, "avg_prec": 0.7640694426438177, "acc": 0.7636363636363637, "f1": [0.7559449311639549, 0.7708578143360753], "labels": ["negative", "positive"]}