{"labels": ["negative", "positive"], "avg_prec": 0.753873447664104, "avg_rec": 0.752327549724926, "prec": [0.7684210526315789, 0.7393258426966293], "f1": [0.7411167512690356, 0.7633410672853829], "avg_f1": 0.7522289092772092, "rec": [0.7156862745098039, 0.7889688249400479], "acc": 0.7527272727272727}