{"avg_rec": 0.8203731132740866, "f1": [0.8150000000000002, 0.8258823529411765], "avg_prec": 0.8211281048216053, "prec": [0.8316326530612245, 0.8106235565819861], "acc": 0.8206060606060606, "rec": [0.7990196078431373, 0.841726618705036], "labels": ["negative", "positive"], "avg_f1": 0.8204411764705883}