{"acc": 0.7903030303030303, "f1": [0.7807351077313054, 0.7990708478513358], "rec": [0.7549019607843137, 0.8249400479616307], "prec": [0.8083989501312336, 0.7747747747747747], "avg_rec": 0.7899210043729722, "avg_f1": 0.7899029777913206, "labels": ["negative", "positive"], "avg_prec": 0.7915868624530042}