{"labels": ["negative", "positive"], "avg_prec": 0.7959452762734063, "avg_rec": 0.7948494145859784, "prec": [0.8087855297157622, 0.7831050228310502], "rec": [0.7671568627450981, 0.8225419664268585], "avg_f1": 0.7948802824671743, "f1": [0.7874213836477988, 0.8023391812865498], "acc": 0.7951515151515152}