{"f1": [0.7812895069532236, 0.79860302677532], "labels": ["negative", "positive"], "avg_prec": 0.7914033056484293, "prec": [0.8067885117493473, 0.7760180995475113], "avg_rec": 0.7899474538016645, "rec": [0.7573529411764706, 0.8225419664268585], "acc": 0.7903030303030303, "avg_f1": 0.7899462668642718}