{"rec": [0.7720588235294118, 0.8201438848920863], "avg_rec": 0.7961013542107491, "f1": [0.7894736842105262, 0.8028169014084507], "prec": [0.8076923076923077, 0.7862068965517242], "acc": 0.7963636363636364, "avg_f1": 0.7961452928094885, "labels": ["negative", "positive"], "avg_prec": 0.7969496021220159}