{"avg_f1": 0.8157443107015234, "prec": [0.8121951219512196, 0.8192771084337349], "acc": 0.8157575757575758, "f1": [0.8141809290953546, 0.8173076923076923], "avg_rec": 0.8157620962053886, "rec": [0.8161764705882353, 0.815347721822542], "labels": ["negative", "positive"], "avg_prec": 0.8157361151924772}