{"acc": 0.8181818181818182, "rec": [0.8186274509803921, 0.8177458033573142], "labels": ["negative", "positive"], "avg_prec": 0.8181604466647077, "f1": [0.8166259168704156, 0.8197115384615385], "prec": [0.8146341463414634, 0.8216867469879519], "avg_rec": 0.8181866271688532, "avg_f1": 0.818168727665977}