{"prec": [0.7955665024630542, 0.7971360381861575], "acc": 0.7963636363636364, "avg_prec": 0.7963512703246058, "rec": [0.7916666666666666, 0.8009592326139089], "avg_f1": 0.7963274279063752, "f1": [0.7936117936117936, 0.799043062200957], "avg_rec": 0.7963129496402878, "labels": ["negative", "positive"]}