{"rec": [0.7696078431372549, 0.8465227817745803], "avg_rec": 0.8080653124559176, "f1": [0.7989821882951654, 0.8171296296296297], "avg_prec": 0.8101985014736692, "acc": 0.8084848484848485, "prec": [0.8306878306878307, 0.7897091722595079], "avg_f1": 0.8080559089623975, "labels": ["negative", "positive"]}