{"avg_prec": 0.8188328912466843, "avg_rec": 0.8179221328819297, "labels": ["negative", "positive"], "avg_f1": 0.8179868685799004, "rec": [0.7941176470588235, 0.841726618705036], "f1": [0.8120300751879699, 0.823943661971831], "acc": 0.8181818181818182, "prec": [0.8307692307692308, 0.8068965517241379]}