{"avg_prec": 0.7843391269926949, "acc": 0.7793939393939394, "rec": [0.7107843137254902, 0.8465227817745803], "prec": [0.8192090395480226, 0.7494692144373672], "f1": [0.7611548556430446, 0.7950450450450449], "avg_rec": 0.7786535477500353, "labels": ["negative", "positive"], "avg_f1": 0.7780999503440448}