{"labels": ["negative", "positive"], "avg_prec": 0.7638203062717894, "f1": [0.7458064516129033, 0.7748571428571428], "avg_rec": 0.7606414868105515, "rec": [0.7083333333333334, 0.8129496402877698], "prec": [0.7874659400544959, 0.740174672489083], "avg_f1": 0.760331797235023, "acc": 0.7612121212121212}