{"labels": ["negative", "positive"], "avg_rec": 0.7812632247143462, "rec": [0.7303921568627451, 0.8321342925659473], "acc": 0.7818181818181819, "f1": [0.7680412371134021, 0.794050343249428], "prec": [0.8097826086956522, 0.7592997811816192], "avg_prec": 0.7845411949386357, "avg_f1": 0.7810457901814151}