{"avg_rec": 0.7840580476795035, "labels": ["negative", "positive"], "acc": 0.7842424242424243, "prec": [0.7904040404040404, 0.7785547785547785], "avg_f1": 0.7841025369605872, "rec": [0.7671568627450981, 0.8009592326139089], "avg_prec": 0.7844794094794094, "f1": [0.7786069651741294, 0.789598108747045]}