{"avg_prec": 0.7742030696576151, "avg_rec": 0.7702867118070249, "acc": 0.7709090909090909, "labels": ["negative", "positive"], "rec": [0.7132352941176471, 0.8273381294964028], "prec": [0.8016528925619835, 0.7467532467532467], "f1": [0.7548638132295721, 0.7849829351535835], "avg_f1": 0.7699233741915779}