{"rec": [0.7181372549019608, 0.8225419664268585], "f1": [0.7561290322580646, 0.784], "labels": ["negative", "positive"], "avg_f1": 0.7700645161290323, "prec": [0.7983651226158038, 0.7489082969432315], "avg_prec": 0.7736367097795176, "acc": 0.7709090909090909, "avg_rec": 0.7703396106644096}