{"rec": [0.7377450980392157, 0.8129496402877698], "labels": ["negative", "positive"], "prec": [0.7941952506596306, 0.7600896860986547], "avg_prec": 0.7771424683791426, "f1": [0.7649301143583227, 0.7856315179606025], "avg_rec": 0.7753473691634928, "acc": 0.7757575757575758, "avg_f1": 0.7752808161594626}