{"labels": ["negative", "positive"], "avg_f1": 0.7934292077107981, "f1": [0.7831632653061226, 0.8036951501154734], "acc": 0.793939393939394, "avg_rec": 0.7934916772464382, "rec": [0.7524509803921569, 0.8345323741007195], "avg_prec": 0.7957725204947164, "prec": [0.8164893617021277, 0.7750556792873051]}