{"acc": 0.7757575757575758, "avg_rec": 0.7753209197348004, "f1": [0.7643312101910829, 0.7861271676300579], "avg_f1": 0.7752291889105704, "avg_prec": 0.7773422697991663, "prec": [0.7957559681697612, 0.7589285714285714], "rec": [0.7352941176470589, 0.815347721822542], "labels": ["negative", "positive"]}