{"prec": [0.7961956521739131, 0.7483588621444202], "acc": 0.7696969696969697, "f1": [0.7551546391752576, 0.782608695652174], "avg_f1": 0.7688816674137158, "labels": ["negative", "positive"], "avg_rec": 0.7691405698970235, "avg_prec": 0.7722772571591666, "rec": [0.7181372549019608, 0.8201438848920863]}