{"labels": ["negative", "positive"], "avg_rec": 0.7681266751304838, "avg_prec": 0.7694729629148305, "avg_f1": 0.7680909651507281, "rec": [0.7352941176470589, 0.8009592326139089], "acc": 0.7684848484848484, "f1": [0.7585335018963338, 0.7776484284051223], "prec": [0.783289817232376, 0.755656108597285]}