{"f1": [0.763819095477387, 0.7798594847775177], "avg_rec": 0.7718295951474115, "rec": [0.7450980392156863, 0.7985611510791367], "prec": [0.7835051546391752, 0.7620137299771167], "avg_prec": 0.772759442308146, "acc": 0.7721212121212121, "avg_f1": 0.7718392901274523, "labels": ["negative", "positive"]}