{"labels": ["negative", "positive"], "avg_rec": 0.766716038933559, "f1": [0.7525773195876289, 0.780320366132723], "acc": 0.7672727272727272, "avg_prec": 0.7698244696032728, "rec": [0.7156862745098039, 0.8177458033573142], "avg_f1": 0.7664488428601759, "prec": [0.7934782608695652, 0.7461706783369803]}