{"avg_f1": 0.7764701724625389, "rec": [0.7377450980392157, 0.815347721822542], "prec": [0.7962962962962963, 0.7606263982102909], "avg_rec": 0.7765464099308789, "avg_prec": 0.7784613472532935, "f1": [0.7659033078880408, 0.787037037037037], "acc": 0.776969696969697, "labels": ["negative", "positive"]}