{"f1": [0.7455012853470437, 0.7729357798165138], "prec": [0.7837837837837838, 0.7406593406593407], "acc": 0.76, "avg_rec": 0.7594688954718578, "labels": ["negative", "positive"], "avg_f1": 0.7592185325817788, "rec": [0.7107843137254902, 0.8081534772182254], "avg_prec": 0.7622215622215622}