{"avg_f1": 0.7862367060430824, "prec": [0.8052631578947368, 0.7707865168539326], "labels": ["negative", "positive"], "avg_prec": 0.7880248373743347, "acc": 0.7866666666666666, "f1": [0.7766497461928933, 0.7958236658932715], "rec": [0.75, 0.8225419664268585], "avg_rec": 0.7862709832134293}