{"avg_rec": 0.7814219212865002, "labels": ["negative", "positive"], "avg_f1": 0.7813784493622433, "prec": [0.8, 0.7662921348314606], "acc": 0.7818181818181819, "rec": [0.7450980392156863, 0.8177458033573142], "f1": [0.7715736040609137, 0.7911832946635731], "avg_prec": 0.7831460674157303}