{"rec": [0.7328431372549019, 0.8441247002398081], "avg_f1": 0.7882168612130727, "prec": [0.8214285714285714, 0.7635574837310195], "avg_prec": 0.7924930275797955, "acc": 0.7890909090909091, "avg_rec": 0.788483918747355, "labels": ["negative", "positive"], "f1": [0.7746113989637307, 0.8018223234624146]}