{"avg_f1": 0.7921886807461321, "avg_rec": 0.7922661870503598, "f1": [0.7816091954022989, 0.8027681660899654], "avg_prec": 0.7946666666666666, "labels": ["negative", "positive"], "rec": [0.75, 0.8345323741007195], "acc": 0.7927272727272727, "prec": [0.816, 0.7733333333333333]}