{"rec": [0.7426470588235294, 0.829736211031175], "avg_f1": 0.7860855422112745, "prec": [0.8101604278074866, 0.7671840354767184], "f1": [0.7749360613810743, 0.7972350230414745], "labels": ["negative", "positive"], "avg_prec": 0.7886722316421025, "acc": 0.7866666666666666, "avg_rec": 0.7861916349273522}