{"acc": 0.7842424242424243, "avg_prec": 0.7867240867240868, "avg_f1": 0.7835398929270535, "labels": ["negative", "positive"], "f1": [0.7712082262210797, 0.7958715596330274], "rec": [0.7352941176470589, 0.8321342925659473], "avg_rec": 0.7837142051065031, "prec": [0.8108108108108109, 0.7626373626373626]}