{"prec": [0.7953367875647669, 0.7699316628701595], "avg_f1": 0.7815096871395277, "labels": ["negative", "positive"], "avg_prec": 0.7826342252174632, "acc": 0.7818181818181819, "rec": [0.7524509803921569, 0.8105515587529976], "avg_rec": 0.7815012695725772, "f1": [0.7732997481108312, 0.7897196261682242]}