{"labels": ["negative", "positive"], "prec": [0.7983870967741935, 0.7549668874172185], "f1": [0.7615384615384615, 0.786206896551724], "acc": 0.7745454545454545, "avg_f1": 0.7738726790450927, "avg_rec": 0.7740425306813372, "rec": [0.7279411764705882, 0.8201438848920863], "avg_prec": 0.776676992095706}