{"avg_f1": 0.803358718425575, "avg_rec": 0.803322048243758, "acc": 0.8036363636363636, "prec": [0.8186528497409327, 0.7904328018223234], "rec": [0.7745098039215687, 0.8321342925659473], "labels": ["negative", "positive"], "avg_prec": 0.8045428257816281, "f1": [0.795969773299748, 0.8107476635514019]}