{"avg_rec": 0.7788651431795739, "labels": ["negative", "positive"], "acc": 0.7793939393939394, "f1": [0.7660668380462725, 0.7912844036697247], "avg_f1": 0.7786756208579986, "rec": [0.7303921568627451, 0.8273381294964028], "avg_prec": 0.7818235818235818, "prec": [0.8054054054054054, 0.7582417582417582]}