{"acc": 0.7830303030303031, "avg_prec": 0.7853699371860788, "rec": [0.7352941176470589, 0.829736211031175], "avg_rec": 0.7825151643391169, "prec": [0.8086253369272237, 0.762114537444934], "avg_f1": 0.7823536607473152, "labels": ["negative", "positive"], "f1": [0.7702182284980745, 0.7944890929965557]}