{"rec": [0.7205882352941176, 0.8201438848920863], "acc": 0.7709090909090909, "avg_f1": 0.7701309556979659, "avg_prec": 0.7733739837398375, "f1": [0.7567567567567567, 0.7835051546391751], "avg_rec": 0.7703660600931019, "prec": [0.7967479674796748, 0.75], "labels": ["negative", "positive"]}