{"rec": [0.75, 0.815347721822542], "prec": [0.7989556135770235, 0.7692307692307693], "avg_prec": 0.7840931914038964, "acc": 0.7830303030303031, "f1": [0.7737041719342606, 0.7916181606519208], "avg_f1": 0.7826611662930907, "avg_rec": 0.782673860911271, "labels": ["negative", "positive"]}