{"avg_f1": 0.7836546961000388, "prec": [0.8074866310160428, 0.7649667405764967], "avg_prec": 0.7862266857962698, "labels": ["negative", "positive"], "avg_rec": 0.7837671039638877, "rec": [0.7401960784313726, 0.8273381294964028], "acc": 0.7842424242424243, "f1": [0.7723785166240408, 0.7949308755760369]}