{"avg_prec": 0.7766233766233767, "prec": [0.7896103896103897, 0.7636363636363637], "avg_f1": 0.7754196947915027, "f1": [0.7667087011349307, 0.7841306884480748], "avg_rec": 0.7754267174495697, "labels": ["negative", "positive"], "acc": 0.7757575757575758, "rec": [0.7450980392156863, 0.8057553956834532]}