{"rec": [0.7254901960784313, 0.8273381294964028], "f1": [0.7628865979381443, 0.7894736842105263], "labels": ["negative", "positive"], "avg_prec": 0.7796356198268481, "avg_rec": 0.776414162787417, "acc": 0.776969696969697, "prec": [0.8043478260869565, 0.7549234135667396], "avg_f1": 0.7761801410743353}