{"avg_f1": 0.7673348974767483, "prec": [0.8022284122562674, 0.7424892703862661], "rec": [0.7058823529411765, 0.829736211031175], "avg_prec": 0.7723588413212668, "acc": 0.7684848484848484, "avg_rec": 0.7678092819861757, "labels": ["negative", "positive"], "f1": [0.7509778357235984, 0.7836919592298982]}