{"avg_f1": 0.7755676429198484, "avg_rec": 0.7755325151643391, "prec": [0.7837150127226463, 0.7685185185185185], "f1": [0.7690387016229712, 0.7820965842167256], "rec": [0.7549019607843137, 0.7961630695443646], "acc": 0.7757575757575758, "avg_prec": 0.7761167656205824, "labels": ["negative", "positive"]}