{"prec": [0.7900262467191601, 0.759009009009009], "avg_prec": 0.7745176278640846, "avg_f1": 0.7729009066299244, "avg_rec": 0.7729492876287205, "f1": [0.7629911280101394, 0.7828106852497095], "acc": 0.7733333333333333, "rec": [0.7377450980392157, 0.8081534772182254], "labels": ["negative", "positive"]}