{"avg_rec": 0.7816335167160389, "labels": ["negative", "positive"], "rec": [0.7647058823529411, 0.7985611510791367], "avg_prec": 0.782051282051282, "prec": [0.7878787878787878, 0.7762237762237763], "f1": [0.7761194029850745, 0.7872340425531915], "avg_f1": 0.781676722769133, "acc": 0.7818181818181819}