{"rec": [0.7598039215686274, 0.8465227817745803], "prec": [0.8288770053475936, 0.7827050997782705], "avg_f1": 0.8031014649899231, "avg_rec": 0.8031633516716039, "avg_prec": 0.805791052562932, "labels": ["negative", "positive"], "acc": 0.8036363636363636, "f1": [0.7928388746803069, 0.8133640552995391]}