{"labels": ["negative", "positive"], "f1": [0.7844611528822054, 0.7981220657276996], "acc": 0.7915151515151515, "prec": [0.8025641025641026, 0.7816091954022989], "avg_prec": 0.7920866489832008, "rec": [0.7671568627450981, 0.815347721822542], "avg_f1": 0.7912916093049525, "avg_rec": 0.7912522922838201}