{"prec": [0.7916666666666666, 0.764172335600907], "avg_f1": 0.7766122766122766, "avg_prec": 0.7779195011337868, "avg_rec": 0.7766257582169558, "acc": 0.776969696969697, "labels": ["negative", "positive"], "rec": [0.7450980392156863, 0.8081534772182254], "f1": [0.7676767676767677, 0.7855477855477855]}