{"prec": [0.8256130790190735, 0.7707423580786026], "avg_rec": 0.7945849202990549, "avg_f1": 0.7943963133640553, "labels": ["negative", "positive"], "f1": [0.7819354838709677, 0.8068571428571428], "rec": [0.7426470588235294, 0.8465227817745803], "acc": 0.7951515151515152, "avg_prec": 0.7981777185488381}