{"avg_rec": 0.7862974326421216, "avg_f1": 0.7862820135413601, "f1": [0.7772151898734178, 0.7953488372093024], "prec": [0.8036649214659686, 0.7720090293453724], "acc": 0.7866666666666666, "avg_prec": 0.7878369754056704, "labels": ["negative", "positive"], "rec": [0.7524509803921569, 0.8201438848920863]}