{"f1": [0.7739463601532568, 0.7958477508650519], "avg_rec": 0.7849925941599661, "rec": [0.7426470588235294, 0.8273381294964028], "acc": 0.7854545454545454, "prec": [0.808, 0.7666666666666667], "avg_f1": 0.7848970555091543, "labels": ["negative", "positive"], "avg_prec": 0.7873333333333334}