{"avg_prec": 0.7878747795414462, "acc": 0.7878787878787878, "labels": ["negative", "positive"], "avg_rec": 0.7878138665538157, "rec": [0.7818627450980392, 0.7937649880095923], "avg_f1": 0.7878338998443748, "prec": [0.7876543209876543, 0.7880952380952381], "f1": [0.7847478474784747, 0.7909199522102749]}