{"acc": 0.7890909090909091, "avg_rec": 0.7888013118916631, "labels": ["negative", "positive"], "rec": [0.7622549019607843, 0.815347721822542], "f1": [0.7814070351758795, 0.7962529274004685], "avg_f1": 0.788829981288174, "prec": [0.8015463917525774, 0.7780320366132724], "avg_prec": 0.7897892141829248}