{"f1": [0.785, 0.7976470588235295], "rec": [0.7696078431372549, 0.8129496402877698], "acc": 0.7915151515151515, "avg_f1": 0.7913235294117648, "avg_rec": 0.7912787417125124, "prec": [0.8010204081632653, 0.7829099307159353], "avg_prec": 0.7919651694396003, "labels": ["negative", "positive"]}