{"prec": [0.806615776081425, 0.7893518518518519], "labels": ["negative", "positive"], "avg_rec": 0.7973532938355199, "acc": 0.7975757575757576, "rec": [0.7769607843137255, 0.8177458033573142], "f1": [0.7915106117353308, 0.8032979976442874], "avg_f1": 0.7974043046898092, "avg_prec": 0.7979838139666384}