{"avg_prec": 0.7906947978512864, "f1": [0.7840199750312111, 0.7962308598351002], "acc": 0.7903030303030303, "prec": [0.7989821882951654, 0.7824074074074074], "rec": [0.7696078431372549, 0.8105515587529976], "avg_f1": 0.7901254174331557, "avg_rec": 0.7900797009451263, "labels": ["negative", "positive"]}