{"avg_f1": 0.7715004655438613, "f1": [0.7595907928388745, 0.783410138248848], "labels": ["negative", "positive"], "avg_prec": 0.7739989565671057, "acc": 0.7721212121212121, "prec": [0.7941176470588235, 0.753880266075388], "rec": [0.7279411764705882, 0.815347721822542], "avg_rec": 0.771644449146565}