{"f1": [0.7772277227722774, 0.7862232779097387], "avg_f1": 0.781725500341008, "avg_prec": 0.7819117647058824, "avg_rec": 0.7816864155734236, "labels": ["negative", "positive"], "rec": [0.7696078431372549, 0.7937649880095923], "acc": 0.7818181818181819, "prec": [0.785, 0.7788235294117647]}