{"labels": ["negative", "positive"], "prec": [0.782051282051282, 0.7632183908045977], "rec": [0.7475490196078431, 0.7961630695443646], "avg_f1": 0.7718768752868086, "f1": [0.7644110275689224, 0.7793427230046949], "acc": 0.7721212121212121, "avg_rec": 0.7718560445761038, "avg_prec": 0.7726348364279398}