{"avg_f1": 0.7918354337923799, "avg_prec": 0.7963400236127509, "rec": [0.7352941176470589, 0.8489208633093526], "labels": ["negative", "positive"], "f1": [0.7782101167315175, 0.8054607508532423], "acc": 0.7927272727272727, "prec": [0.8264462809917356, 0.7662337662337663], "avg_rec": 0.7921074904782057}