{"labels": ["negative", "positive"], "avg_prec": 0.7814935064935065, "avg_f1": 0.7802754851743892, "avg_rec": 0.7802757793764987, "f1": [0.7717528373266078, 0.7887981330221704], "acc": 0.7806060606060606, "prec": [0.7948051948051948, 0.7681818181818182], "rec": [0.75, 0.8105515587529976]}