{"avg_f1": 0.7937791135369124, "acc": 0.793939393939394, "labels": ["negative", "positive"], "prec": [0.8020304568527918, 0.7865429234338747], "avg_rec": 0.7937297221046693, "f1": [0.7880299251870325, 0.7995283018867924], "rec": [0.7745098039215687, 0.8129496402877698], "avg_prec": 0.7942866901433332}