{"rec": [0.5441176470588235, 0.7841726618705036], "labels": ["negative", "positive"], "f1": [0.6166666666666666, 0.703225806451613], "avg_rec": 0.6641451544646635, "acc": 0.6654545454545454, "avg_f1": 0.6599462365591398, "prec": [0.7115384615384616, 0.6374269005847953], "avg_prec": 0.6744826810616285}