{"rec": [0.6642156862745098, 0.7386091127098321], "avg_f1": 0.7012172141283992, "acc": 0.7018181818181818, "prec": [0.7131578947368421, 0.6921348314606741], "labels": ["negative", "positive"], "f1": [0.6878172588832487, 0.7146171693735497], "avg_rec": 0.7014123994921709, "avg_prec": 0.702646363098758}