{"avg_prec": 0.7053677202293513, "prec": [0.7180851063829787, 0.6926503340757239], "labels": ["negative", "positive"], "f1": [0.6887755102040817, 0.7182448036951501], "avg_rec": 0.7037840315982509, "rec": [0.6617647058823529, 0.7458033573141487], "acc": 0.7042424242424242, "avg_f1": 0.7035101569496158}