{"avg_f1": 0.7496848046377904, "avg_rec": 0.7498501199040768, "f1": [0.7372448979591838, 0.7621247113163971], "acc": 0.7503030303030302, "prec": [0.7686170212765957, 0.734966592427617], "avg_prec": 0.7517918068521063, "labels": ["negative", "positive"], "rec": [0.7083333333333334, 0.7913669064748201]}