{"f1": [0.7546239210850803, 0.7628128724672228], "avg_prec": 0.7587995248903366, "prec": [0.7593052109181141, 0.7582938388625592], "acc": 0.7587878787878788, "rec": [0.75, 0.7673860911270983], "avg_f1": 0.7587183967761515, "labels": ["negative", "positive"], "avg_rec": 0.7586930455635492}