{"avg_prec": 0.8152578948609702, "prec": [0.8277634961439588, 0.8027522935779816], "acc": 0.8145454545454546, "avg_rec": 0.8142721117223868, "rec": [0.7892156862745098, 0.8393285371702638], "f1": [0.8080301129234629, 0.8206330597889802], "avg_f1": 0.8143315863562215, "labels": ["negative", "positive"]}