{"avg_f1": 0.8032823079187519, "avg_rec": 0.8032691493863733, "avg_prec": 0.8048999562714949, "acc": 0.8036363636363636, "f1": [0.7949367088607595, 0.8116279069767443], "prec": [0.8219895287958116, 0.7878103837471784], "rec": [0.7696078431372549, 0.8369304556354916], "labels": ["negative", "positive"]}