{"f1": [0.7843631778058007, 0.8004667444574095], "avg_f1": 0.7924149611316051, "rec": [0.7622549019607843, 0.8225419664268585], "acc": 0.7927272727272727, "avg_rec": 0.7923984341938214, "prec": [0.8077922077922078, 0.7795454545454545], "labels": ["negative", "positive"], "avg_prec": 0.7936688311688311}