{"avg_prec": 0.794550312623286, "rec": [0.7279411764705882, 0.8513189448441247], "f1": [0.7744458930899608, 0.8040770101925255], "prec": [0.8272980501392758, 0.7618025751072961], "acc": 0.7903030303030303, "avg_f1": 0.7892614516412432, "labels": ["negative", "positive"], "avg_rec": 0.7896300606573565}