{"prec": [0.825974025974026, 0.7954545454545454], "acc": 0.8096969696969697, "avg_prec": 0.8107142857142857, "avg_rec": 0.8093701509380731, "avg_f1": 0.8094102274717077, "rec": [0.7794117647058824, 0.8393285371702638], "f1": [0.802017654476671, 0.8168028004667445], "labels": ["negative", "positive"]}