{"f1": [0.8161764705882353, 0.8201438848920863], "prec": [0.8161764705882353, 0.8201438848920863], "rec": [0.8161764705882353, 0.8201438848920863], "avg_f1": 0.8181601777401608, "acc": 0.8181818181818182, "avg_rec": 0.8181601777401608, "labels": ["negative", "positive"], "avg_prec": 0.8181601777401608}