{"avg_f1": 0.7028238378684808, "prec": [0.7277777777777777, 0.6860215053763441], "avg_prec": 0.706899641577061, "f1": [0.6822916666666667, 0.7233560090702947], "acc": 0.7042424242424242, "rec": [0.6421568627450981, 0.7649880095923262], "labels": ["negative", "positive"], "avg_rec": 0.7035724361687121}