{"f1": [0.6307490144546649, 0.6839145106861642], "avg_prec": 0.6619772410812887, "labels": ["negative", "positive"], "prec": [0.6798866855524079, 0.6440677966101694], "acc": 0.6593939393939394, "avg_rec": 0.6586260403441953, "rec": [0.5882352941176471, 0.7290167865707434], "avg_f1": 0.6573317625704145}