{"acc": 0.7733333333333333, "f1": [0.7677018633540372, 0.778698224852071], "avg_rec": 0.7731608830582593, "prec": [0.7783375314861462, 0.7686915887850467], "avg_f1": 0.7732000441030541, "labels": ["negative", "positive"], "rec": [0.7573529411764706, 0.7889688249400479], "avg_prec": 0.7735145601355964}