{"rec": [0.7475490196078431, 0.7793764988009593], "prec": [0.7682619647355163, 0.7593457943925234], "labels": ["negative", "positive"], "avg_f1": 0.7634973721930244, "avg_rec": 0.7634627592044012, "avg_prec": 0.7638038795640198, "f1": [0.7577639751552795, 0.7692307692307693], "acc": 0.7636363636363637}