{"prec": [0.8324742268041238, 0.8054919908466819], "labels": ["negative", "positive"], "avg_f1": 0.8179568804208395, "acc": 0.8181818181818182, "avg_prec": 0.8189831088254028, "rec": [0.7916666666666666, 0.8441247002398081], "f1": [0.8115577889447236, 0.8243559718969554], "avg_rec": 0.8178956834532374}