{"acc": 0.7975757575757576, "prec": [0.8319559228650137, 0.7705627705627706], "avg_rec": 0.7969565524051347, "rec": [0.7401960784313726, 0.8537170263788969], "avg_f1": 0.796704780370336, "labels": ["negative", "positive"], "f1": [0.7833981841763944, 0.8100113765642777], "avg_prec": 0.8012593467138922}