{"avg_rec": 0.794743616871209, "avg_prec": 0.796665167954376, "rec": [0.7573529411764706, 0.8321342925659473], "acc": 0.7951515151515152, "labels": ["negative", "positive"], "prec": [0.8153034300791556, 0.7780269058295964], "avg_f1": 0.7947159888159416, "f1": [0.7852604828462516, 0.8041714947856317]}