{"f1": [0.8151774785801713, 0.8187274909963985], "labels": ["negative", "positive"], "acc": 0.816969696969697, "rec": [0.8161764705882353, 0.8177458033573142], "avg_rec": 0.8169611369727747, "prec": [0.8141809290953546, 0.8197115384615384], "avg_prec": 0.8169462337784466, "avg_f1": 0.816952484788285}