{"prec": [0.801980198019802, 0.8004750593824228], "avg_rec": 0.8011355621385244, "acc": 0.8012121212121213, "f1": [0.7980295566502462, 0.8042959427207637], "avg_f1": 0.8011627496855049, "rec": [0.7941176470588235, 0.8081534772182254], "avg_prec": 0.8012276287011124, "labels": ["negative", "positive"]}