{"acc": 0.8084848484848485, "labels": ["negative", "positive"], "f1": [0.8054187192118227, 0.81145584725537], "avg_f1": 0.8084372832335964, "avg_prec": 0.8085034453564122, "rec": [0.8014705882352942, 0.815347721822542], "prec": [0.8094059405940595, 0.8076009501187649], "avg_rec": 0.8084091550289181}