{"labels": ["negative", "positive"], "avg_rec": 0.8069456199746086, "avg_f1": 0.8069823322802645, "prec": [0.8233766233766234, 0.7931818181818182], "rec": [0.7769607843137255, 0.8369304556354916], "f1": [0.7994955863808324, 0.8144690781796967], "acc": 0.8072727272727273, "avg_prec": 0.8082792207792209}