{"acc": 0.8048484848484848, "prec": [0.8207792207792208, 0.7909090909090909], "avg_prec": 0.8058441558441558, "rec": [0.7745098039215687, 0.8345323741007195], "avg_f1": 0.8045544370888211, "labels": ["negative", "positive"], "avg_rec": 0.804521089011144, "f1": [0.7969735182849936, 0.8121353558926487]}