{"rec": [0.7818627450980392, 0.8369304556354916], "prec": [0.8242894056847545, 0.7968036529680366], "avg_rec": 0.8093966003667654, "avg_f1": 0.809444996138144, "labels": ["negative", "positive"], "f1": [0.8025157232704403, 0.8163742690058479], "avg_prec": 0.8105465293263956, "acc": 0.8096969696969697}