{"avg_f1": 0.8118724484166391, "avg_rec": 0.8118211313302299, "avg_prec": 0.8129800715018938, "prec": [0.8268733850129198, 0.7990867579908676], "rec": [0.7843137254901961, 0.8393285371702638], "labels": ["negative", "positive"], "acc": 0.8121212121212121, "f1": [0.8050314465408805, 0.8187134502923977]}