{"f1": [0.803970223325062, 0.8127962085308057], "acc": 0.8084848484848485, "rec": [0.7941176470588235, 0.8225419664268585], "prec": [0.8140703517587939, 0.8032786885245902], "avg_prec": 0.808674520141692, "avg_f1": 0.8083832159279338, "labels": ["negative", "positive"], "avg_rec": 0.808329806742841}