{"prec": [0.8009950248756219, 0.7966903073286052], "f1": [0.7950617283950617, 0.8023809523809524], "avg_f1": 0.7987213403880071, "rec": [0.7892156862745098, 0.8081534772182254], "acc": 0.7987878787878788, "labels": ["negative", "positive"], "avg_rec": 0.7986845817463676, "avg_prec": 0.7988426661021135}