{"rec": [0.7426470588235294, 0.8393285371702638], "prec": [0.8189189189189189, 0.7692307692307693], "labels": ["negative", "positive"], "avg_f1": 0.7908363010306361, "avg_prec": 0.7940748440748441, "avg_rec": 0.7909877979968967, "acc": 0.7915151515151515, "f1": [0.7789203084832905, 0.8027522935779817]}