{"rec": [0.7524509803921569, 0.8177458033573142], "labels": ["negative", "positive"], "f1": [0.7762326169405817, 0.7939464493597206], "avg_rec": 0.7850983918747355, "acc": 0.7854545454545454, "prec": [0.8015665796344648, 0.7714932126696833], "avg_f1": 0.7850895331501511, "avg_prec": 0.786529896152074}