{"avg_prec": 0.7967158184837528, "acc": 0.7963636363636364, "avg_f1": 0.7962052416129488, "labels": ["negative", "positive"], "prec": [0.8045685279187818, 0.7888631090487239], "f1": [0.7905236907730674, 0.8018867924528302], "avg_rec": 0.7961542530681338, "rec": [0.7769607843137255, 0.815347721822542]}