{"avg_prec": 0.7941110705753592, "f1": [0.7890818858560795, 0.7985781990521327], "acc": 0.793939393939394, "avg_rec": 0.7937826209620539, "rec": [0.7794117647058824, 0.8081534772182254], "labels": ["negative", "positive"], "avg_f1": 0.793830042454106, "prec": [0.7989949748743719, 0.7892271662763466]}