{"labels": ["negative", "positive"], "acc": 0.7927272727272727, "avg_prec": 0.7928027807838893, "rec": [0.7818627450980392, 0.8033573141486811], "f1": [0.788627935723115, 0.7966706302021404], "avg_rec": 0.7926100296233601, "prec": [0.7955112219451371, 0.7900943396226415], "avg_f1": 0.7926492829626277}