{"acc": 0.7951515151515152, "f1": [0.7884856070087609, 0.8014101057579317], "rec": [0.7720588235294118, 0.8177458033573142], "avg_rec": 0.794902313443363, "prec": [0.8056265984654731, 0.7857142857142857], "labels": ["negative", "positive"], "avg_prec": 0.7956704420898795, "avg_f1": 0.7949478563833463}