{"avg_f1": 0.7937791135369124, "avg_rec": 0.7937297221046693, "rec": [0.7745098039215687, 0.8129496402877698], "labels": ["negative", "positive"], "f1": [0.7880299251870325, 0.7995283018867924], "acc": 0.793939393939394, "avg_prec": 0.7942866901433332, "prec": [0.8020304568527918, 0.7865429234338747]}