{"prec": [0.798941798941799, 0.7628635346756152], "labels": ["negative", "positive"], "f1": [0.7684478371501272, 0.7893518518518519], "acc": 0.7793939393939394, "avg_f1": 0.7788998445009896, "avg_prec": 0.7809026668087071, "avg_rec": 0.7789709408943434, "rec": [0.7401960784313726, 0.8177458033573142]}