{"rec": [0.7745098039215687, 0.815347721822542], "avg_prec": 0.7955541419281877, "f1": [0.7890137328339575, 0.8009422850412251], "avg_f1": 0.7949780089375913, "labels": ["negative", "positive"], "prec": [0.8040712468193384, 0.7870370370370371], "acc": 0.7951515151515152, "avg_rec": 0.7949287628720554}