{"prec": [0.8051282051282052, 0.7839080459770115], "avg_f1": 0.7937184510572204, "f1": [0.7869674185463659, 0.800469483568075], "avg_prec": 0.7945181255526084, "rec": [0.7696078431372549, 0.8177458033573142], "acc": 0.793939393939394, "avg_rec": 0.7936768232472846, "labels": ["negative", "positive"]}