{"rec": [0.7549019607843137, 0.8393285371702638], "prec": [0.8213333333333334, 0.7777777777777778], "avg_prec": 0.7995555555555556, "f1": [0.7867177522349935, 0.8073817762399077], "avg_f1": 0.7970497642374506, "labels": ["negative", "positive"], "acc": 0.7975757575757576, "avg_rec": 0.7971152489772888}