{"labels": ["negative", "positive"], "prec": [0.8097686375321337, 0.786697247706422], "rec": [0.7720588235294118, 0.8225419664268585], "avg_f1": 0.7973423197482941, "avg_rec": 0.7973003949781352, "acc": 0.7975757575757576, "avg_prec": 0.7982329426192778, "f1": [0.7904642409033877, 0.8042203985932005]}