{"avg_prec": 0.7954518692964381, "f1": [0.7895392278953923, 0.8004722550177096], "acc": 0.7951515151515152, "avg_rec": 0.7949552123007477, "prec": [0.8025316455696202, 0.7883720930232558], "rec": [0.7769607843137255, 0.8129496402877698], "labels": ["negative", "positive"], "avg_f1": 0.795005741456551}