{"avg_f1": 0.7936091686091686, "labels": ["negative", "positive"], "rec": [0.7622549019607843, 0.8249400479616307], "avg_rec": 0.7935974749612075, "avg_prec": 0.7949705924036281, "f1": [0.7853535353535354, 0.8018648018648019], "prec": [0.8098958333333334, 0.780045351473923], "acc": 0.793939393939394}