{"prec": [0.7963917525773195, 0.7734553775743707], "avg_f1": 0.7839754980993963, "f1": [0.7763819095477388, 0.7915690866510539], "acc": 0.7842424242424243, "avg_prec": 0.784923565075845, "avg_rec": 0.783952249964734, "labels": ["negative", "positive"], "rec": [0.7573529411764706, 0.8105515587529976]}