{"acc": 0.7951515151515152, "avg_prec": 0.7952289088599257, "rec": [0.7843137254901961, 0.8057553956834532], "f1": [0.7911001236093944, 0.7990487514863258], "labels": ["negative", "positive"], "avg_rec": 0.7950345605868246, "prec": [0.7980049875311721, 0.7924528301886793], "avg_f1": 0.7950744375478601}