{"f1": [0.7777777777777777, 0.7948717948717949], "prec": [0.8020833333333334, 0.7732426303854876], "avg_prec": 0.7876629818594105, "avg_rec": 0.7863238820708139, "avg_f1": 0.7863247863247863, "rec": [0.7549019607843137, 0.8177458033573142], "labels": ["negative", "positive"], "acc": 0.7866666666666666}