{"prec": [0.7989276139410187, 0.7566371681415929], "acc": 0.7757575757575758, "avg_prec": 0.7777823910413058, "rec": [0.7303921568627451, 0.8201438848920863], "avg_rec": 0.7752680208774156, "f1": [0.763124199743918, 0.7871116225546605], "avg_f1": 0.7751179111492892, "labels": ["negative", "positive"]}