{"avg_rec": 0.7937561715333615, "acc": 0.793939393939394, "rec": [0.7769607843137255, 0.8105515587529976], "avg_prec": 0.7941919191919191, "prec": [0.8005050505050505, 0.7878787878787878], "avg_f1": 0.7938057937264034, "labels": ["negative", "positive"], "f1": [0.7885572139303483, 0.7990543735224584]}