{"avg_prec": 0.7876629818594105, "labels": ["negative", "positive"], "avg_f1": 0.7863247863247863, "rec": [0.7549019607843137, 0.8177458033573142], "prec": [0.8020833333333334, 0.7732426303854876], "f1": [0.7777777777777777, 0.7948717948717949], "acc": 0.7866666666666666, "avg_rec": 0.7863238820708139}