{"rec": [0.7843137254901961, 0.8009592326139089], "acc": 0.7927272727272727, "avg_rec": 0.7926364790520525, "labels": ["negative", "positive"], "avg_f1": 0.7926675670790047, "avg_prec": 0.7927569296626016, "f1": [0.7891491985203453, 0.7961859356376639], "prec": [0.794044665012407, 0.7914691943127962]}