{"rec": [0.7450980392156863, 0.8201438848920863], "avg_f1": 0.7825690059056423, "avg_rec": 0.7826209620538863, "prec": [0.8021108179419525, 0.7668161434977578], "avg_prec": 0.7844634807198552, "labels": ["negative", "positive"], "f1": [0.7725540025412961, 0.7925840092699884], "acc": 0.7830303030303031}