{"labels": ["negative", "positive"], "acc": 0.793939393939394, "prec": [0.8233695652173914, 0.7702407002188184], "avg_prec": 0.7968051327181049, "f1": [0.7809278350515464, 0.8054919908466819], "avg_f1": 0.7932099129491141, "rec": [0.7426470588235294, 0.8441247002398081], "avg_rec": 0.7933858795316688}