{"prec": [0.8015075376884422, 0.7915690866510539], "avg_rec": 0.7962071519255184, "labels": ["negative", "positive"], "rec": [0.7818627450980392, 0.8105515587529976], "avg_f1": 0.7962555713664108, "acc": 0.7963636363636364, "f1": [0.7915632754342432, 0.8009478672985783], "avg_prec": 0.796538312169748}