{"acc": 0.6763636363636364, "prec": [0.654945054945055, 0.7027027027027027], "rec": [0.7303921568627451, 0.6235011990407674], "labels": ["negative", "positive"], "avg_rec": 0.6769466779517562, "avg_prec": 0.6788238788238788, "f1": [0.6906141367323291, 0.6607369758576874], "avg_f1": 0.6756755562950083}