{"f1": [0.679334916864608, 0.6658415841584158], "avg_f1": 0.6725882505115119, "avg_rec": 0.6730321625052899, "rec": [0.7009803921568627, 0.645083932853717], "prec": [0.6589861751152074, 0.6879795396419437], "avg_prec": 0.6734828573785756, "labels": ["negative", "positive"], "acc": 0.6727272727272727}