{"avg_rec": 0.6721328819297503, "rec": [0.6176470588235294, 0.7266187050359713], "prec": [0.6885245901639344, 0.6601307189542484], "avg_prec": 0.6743276545590914, "acc": 0.6727272727272727, "f1": [0.6511627906976745, 0.6917808219178082], "labels": ["negative", "positive"], "avg_f1": 0.6714718063077414}