{"avg_f1": 0.6579277827796994, "labels": ["negative", "positive"], "rec": [0.5784313725490197, 0.7410071942446043], "avg_prec": 0.6642290770197747, "avg_rec": 0.659719283396812, "acc": 0.6606060606060606, "prec": [0.686046511627907, 0.6424116424116424], "f1": [0.6276595744680851, 0.6881959910913139]}