{"avg_prec": 0.765594202556446, "prec": [0.7772020725388601, 0.7539863325740319], "labels": ["negative", "positive"], "rec": [0.7352941176470589, 0.7937649880095923], "avg_f1": 0.7645159961392688, "avg_rec": 0.7645295528283256, "f1": [0.7556675062972291, 0.7733644859813085], "acc": 0.7648484848484849}