{"prec": [0.7806788511749347, 0.753393665158371], "avg_prec": 0.7670362581666529, "acc": 0.7660606060606061, "avg_f1": 0.7656625982936676, "avg_rec": 0.7657021441670193, "rec": [0.7328431372549019, 0.7985611510791367], "f1": [0.7560050568900127, 0.7753201396973225], "labels": ["negative", "positive"]}